City_ID,City,Country,Date,Lat,Lng,Max Temp,Humidity,Cloudiness,Wind Speed
0,Torbay,CA,2021-01-03 20:10:18,47.67,-52.73,32.0,86,90,20.8
1,Busselton,AU,2021-01-03 20:10:19,-33.65,115.33,59.0,78,0,5.01
2,Bethel,US,2021-01-03 20:10:19,41.37,-73.41,33.8,74,90,6.93
3,Kraslava,LV,2021-01-03 20:10:19,55.9,27.17,26.13,98,100,6.24
4,Hay River,CA,2021-01-03 20:09:17,60.82,-115.8,-7.6,76,93,4.7
5,Coquimbo,CL,2021-01-03 20:09:00,-29.95,-71.34,64.4,72,75,10.29
6,Mar Del Plata,AR,2021-01-03 20:09:14,-38.0,-57.56,80.6,57,0,13.87
7,Ushuaia,AR,2021-01-03 20:10:20,-54.8,-68.3,51.8,50,75,12.75
8,Hasaki,JP,2021-01-03 20:10:20,35.73,140.83,30.2,92,75,4.7
9,Yuli,NG,2021-01-03 20:10:20,9.7,10.27,80.55,19,0,4.29
10,Bredasdorp,ZA,2021-01-03 20:10:21,-34.53,20.04,69.8,83,98,11.41
11,Taksimo,RU,2021-01-03 20:10:21,56.34,114.88,-19.93,83,100,0.67
12,Gondanglegi,ID,2021-01-03 20:10:21,-7.75,112.01,75.42,86,100,6.55
13,Qaanaaq,GL,2021-01-03 20:10:22,77.48,-69.36,3.88,85,97,3.0
14,Cape Town,ZA,2021-01-03 20:10:22,-33.93,18.42,71.6,73,0,12.75
15,Nikolskoye,RU,2021-01-03 20:10:22,59.7,30.79,28.4,86,75,2.24
16,Mahebourg,MU,2021-01-03 20:10:22,-20.41,57.7,77.0,73,40,11.41
17,Pangnirtung,CA,2021-01-03 20:10:23,66.15,-65.71,-9.4,69,75,5.82
18,Iwakuni,JP,2021-01-03 20:10:23,34.15,132.18,37.4,64,75,5.82
19,Carnarvon,AU,2021-01-03 20:06:26,-24.87,113.63,75.2,100,0,13.87
20,Jamestown,US,2021-01-03 20:06:34,42.1,-79.24,36.0,97,90,4.7
21,Arraial Do Cabo,BR,2021-01-03 20:10:24,-22.97,-42.03,78.8,78,75,10.29
22,Provideniya,RU,2021-01-03 20:10:24,64.38,-173.3,-3.82,85,0,23.42
23,Vaini,TO,2021-01-03 20:10:24,-21.2,-175.2,77.0,94,75,4.7
24,Kavieng,PG,2021-01-03 20:10:24,-2.57,150.8,83.1,75,100,17.29
25,Adrar,MR,2021-01-03 20:10:24,20.5,-10.07,66.85,23,0,9.06
26,Zaysan,KZ,2021-01-03 20:10:25,47.47,84.87,-20.85,84,59,0.56
27,San Cristobal,VE,2021-01-03 20:10:25,7.77,-72.22,73.4,100,75,8.05
28,Liverpool,GB,2021-01-03 20:09:30,53.41,-2.98,35.6,85,20,5.82
29,Bowen,AU,2021-01-03 20:10:26,-20.02,148.23,77.0,88,40,6.67
30,Golden,US,2021-01-03 20:10:26,39.76,-105.22,53.6,16,40,19.46
31,Tiksi,RU,2021-01-03 20:10:26,71.69,128.87,-24.45,86,35,3.24
32,San Patricio,US,2021-01-03 20:10:26,28.02,-97.52,72.0,52,40,10.29
33,Mayor Pablo Lagerenza,PY,2021-01-03 20:10:26,-19.93,-60.77,100.81,29,86,8.46
34,Rikitea,PF,2021-01-03 20:10:27,-23.12,-134.97,78.06,76,5,8.97
35,Hami,CN,2021-01-03 20:10:27,42.8,93.45,12.07,77,98,1.36
36,Hilo,US,2021-01-03 20:10:27,19.73,-155.09,75.0,73,20,3.36
37,Katsuura,JP,2021-01-03 20:10:27,35.13,140.3,39.2,55,75,9.17
38,Quatre Cocos,MU,2021-01-03 20:10:28,-20.21,57.76,77.0,73,40,11.41
39,Punta Arenas,CL,2021-01-03 20:10:28,-53.15,-70.92,55.4,43,75,24.16
40,Clyde River,CA,2021-01-03 20:10:28,70.47,-68.59,-27.4,74,1,6.93
41,Port Alfred,ZA,2021-01-03 20:10:28,-33.59,26.89,73.0,92,4,2.42
42,Jumla,NP,2021-01-03 20:10:29,29.27,82.18,44.65,55,100,3.11
43,Watertown,US,2021-01-03 20:06:31,42.37,-71.18,36.0,74,90,12.75
44,Mataura,NZ,2021-01-03 20:10:29,-46.19,168.86,54.0,93,100,1.01
45,Chuy,UY,2021-01-03 20:10:30,-33.7,-53.46,73.96,66,1,13.8
46,Ahipara,NZ,2021-01-03 20:10:30,-35.17,173.17,67.32,72,0,4.09
47,Esperance,AU,2021-01-03 20:10:30,-33.87,121.9,55.4,87,90,3.36
48,Bluff,NZ,2021-01-03 20:10:30,-46.6,168.33,54.0,93,100,1.01
49,Yellowknife,CA,2021-01-03 20:09:19,62.46,-114.35,-5.8,76,75,6.93
50,Norman Wells,CA,2021-01-03 20:10:31,65.28,-126.83,-11.2,69,90,6.93
51,Puerto Ayora,EC,2021-01-03 20:10:31,-0.74,-90.35,82.4,61,0,11.41
52,Antsohihy,MG,2021-01-03 20:10:31,-14.88,47.99,74.86,79,33,4.52
53,Camacha,PT,2021-01-03 20:10:31,33.08,-16.33,60.8,63,40,13.87
54,Helong,CN,2021-01-03 20:10:32,42.54,129.0,0.27,80,0,5.3
55,Lahaina,US,2021-01-03 20:10:32,20.88,-156.68,78.8,78,20,13.87
56,Albany,US,2021-01-03 20:10:32,42.6,-73.97,34.0,79,100,5.23
57,Port Hardy,CA,2021-01-03 20:10:32,50.7,-127.42,42.8,100,75,5.82
58,Belyy Yar,RU,2021-01-03 20:10:32,53.6,91.39,-11.2,76,100,6.31
59,Kargil,IN,2021-01-03 20:10:33,34.57,76.1,9.16,87,99,0.31
60,Georgetown,MY,2021-01-03 20:07:44,5.41,100.34,77.0,94,40,2.24
61,Atuona,PF,2021-01-03 20:10:33,-9.8,-139.03,78.12,66,54,16.2
62,Hithadhoo,MV,2021-01-03 20:10:33,-0.6,73.08,82.62,77,100,9.15
63,Santa Maria Del Oro,MX,2021-01-03 20:10:34,25.93,-105.37,64.4,22,0,5.79
64,Axim,GH,2021-01-03 20:10:34,4.87,-2.24,79.61,82,0,6.13
65,Ponta Do Sol,PT,2021-01-03 20:10:34,32.67,-17.1,62.6,63,75,9.17
66,Wuchi,CN,2021-01-03 20:10:34,29.38,103.02,26.78,97,100,1.05
67,Kirakira,SB,2021-01-03 20:10:34,-10.45,161.92,81.68,81,100,9.08
68,Hirado,JP,2021-01-03 20:10:35,33.36,129.55,39.0,64,100,13.0
69,Tuatapere,NZ,2021-01-03 20:10:35,-46.13,167.68,54.0,93,98,1.01
70,Lavrentiya,RU,2021-01-03 20:10:35,65.58,-171.0,-6.45,90,75,14.29
71,Saldanha,ZA,2021-01-03 20:10:35,-33.01,17.94,77.0,53,0,3.36
72,Mishelevka,RU,2021-01-03 20:10:36,52.86,103.17,-2.81,90,100,4.16
73,Ambon,ID,2021-01-03 20:10:36,-3.7,128.18,84.0,83,100,3.0
74,Saint-Philippe,RE,2021-01-03 20:10:36,-21.36,55.77,77.0,65,0,13.87
75,Morehead,US,2021-01-03 20:10:36,37.27,-87.18,42.8,60,90,3.36
76,Hobart,AU,2021-01-03 20:05:38,-42.88,147.33,60.01,87,75,5.82
77,Hamilton,US,2021-01-03 20:07:23,39.18,-84.53,39.0,69,90,9.17
78,Sitka,US,2021-01-03 20:10:37,57.05,-135.33,41.0,93,90,11.41
79,Turukhansk,RU,2021-01-03 20:10:37,65.82,87.98,-8.5,91,100,5.84
80,Puerto El Triunfo,SV,2021-01-03 20:10:38,13.28,-88.55,93.2,44,0,6.93
81,Gweru,ZW,2021-01-03 20:10:38,-19.45,29.82,62.51,94,15,10.42
82,Plettenberg Bay,ZA,2021-01-03 20:10:38,-34.05,23.37,70.27,92,60,4.54
83,Upernavik,GL,2021-01-03 20:10:38,72.79,-56.15,14.68,94,100,5.61
84,Half Moon Bay,US,2021-01-03 20:10:38,37.46,-122.43,51.01,100,90,1.5
85,Mount Gambier,AU,2021-01-03 20:10:39,-37.83,140.77,57.2,87,90,16.11
86,Opuwo,NA,2021-01-03 20:10:39,-18.06,13.84,69.87,59,76,10.58
87,Lompoc,US,2021-01-03 20:10:39,34.64,-120.46,60.01,82,40,6.93
88,Labuhan,ID,2021-01-03 20:10:39,-6.88,112.21,78.44,83,100,10.22
89,Cidreira,BR,2021-01-03 20:10:40,-30.18,-50.21,76.21,66,0,19.82
90,East London,ZA,2021-01-03 20:10:40,-33.02,27.91,76.21,72,75,5.01
91,Butaritari,KI,2021-01-03 20:10:40,3.07,172.79,81.88,80,1,19.46
92,Beboto,TD,2021-01-03 20:10:40,8.27,16.94,82.06,17,97,3.98
93,Urumqi,CN,2021-01-03 20:10:40,43.8,87.6,-4.0,83,40,2.24
94,Qasigiannguit,GL,2021-01-03 20:10:41,68.82,-51.19,21.2,73,75,10.29
95,Jiaonan,CN,2021-01-03 20:10:41,35.88,119.98,34.0,100,0,4.47
96,Hamada,JP,2021-01-03 20:09:13,34.88,132.08,36.0,14,100,1.99
97,Hermanus,ZA,2021-01-03 20:10:41,-34.42,19.23,72.0,80,31,5.01
98,Sechura,PE,2021-01-03 20:10:41,-5.56,-80.82,78.93,56,9,14.85
99,Henties Bay,NA,2021-01-03 20:10:42,-22.12,14.28,69.01,86,100,4.97
100,Pisco,PE,2021-01-03 20:10:42,-13.7,-76.22,75.2,73,0,17.22
101,Kawalu,ID,2021-01-03 20:10:42,-7.38,108.21,72.3,87,100,1.39
102,Sur,OM,2021-01-03 20:10:42,22.57,59.53,68.22,41,0,16.51
103,Beloha,MG,2021-01-03 20:10:43,-25.17,45.05,78.06,60,0,13.31
104,Lundazi,ZM,2021-01-03 20:10:43,-12.29,33.18,64.26,95,71,3.65
105,Saskylakh,RU,2021-01-03 20:10:43,71.92,114.08,-24.63,79,57,5.3
106,Bogatyye Saby,RU,2021-01-03 20:10:43,56.01,50.45,19.74,98,89,6.96
107,Hofn,IS,2021-01-03 20:10:44,64.25,-15.21,44.78,85,100,28.72
108,Boddam,GB,2021-01-03 20:10:44,57.47,-1.78,39.99,100,75,5.82
109,Kaitangata,NZ,2021-01-03 20:10:44,-46.28,169.85,59.0,71,100,8.99
110,Eyl,SO,2021-01-03 20:10:44,7.98,49.82,74.16,74,0,16.67
111,Hambantota,LK,2021-01-03 20:10:44,6.12,81.12,79.36,79,100,12.82
112,Meadow Lake,US,2021-01-03 20:10:45,34.8,-106.54,48.0,38,75,3.31
113,Victor Harbor,AU,2021-01-03 20:10:45,-35.57,138.62,62.01,89,98,8.99
114,Barrow,US,2021-01-03 20:08:04,71.29,-156.79,-2.2,77,90,8.05
115,Fort Walton Beach,US,2021-01-03 20:10:45,30.41,-86.62,60.8,50,1,8.05
116,Vung Tau,VN,2021-01-03 20:10:46,10.35,107.08,76.98,83,69,8.61
117,Lakatoro,VU,2021-01-03 20:10:46,-16.1,167.42,75.2,100,90,10.8
118,Nome,US,2021-01-03 20:10:46,64.5,-165.41,1.4,54,1,18.34
119,Vardo,NO,2021-01-03 20:10:47,70.37,31.11,28.4,74,75,10.29
120,Lufilufi,WS,2021-01-03 20:10:47,-13.87,-171.6,82.4,83,75,3.36
121,Chaman,PK,2021-01-03 20:10:47,30.92,66.45,35.74,72,0,0.87
122,Soyo,AO,2021-01-03 20:10:47,-6.13,12.37,78.82,86,33,6.73
123,Cherskiy,RU,2021-01-03 20:10:48,68.75,161.3,-25.47,84,100,3.94
124,Tasiilaq,GL,2021-01-03 20:10:48,65.61,-37.64,26.6,92,100,28.86
125,Batagay-Alyta,RU,2021-01-03 20:10:48,67.8,130.41,-20.67,86,100,0.69
126,Talnakh,RU,2021-01-03 20:10:48,69.49,88.4,1.4,84,90,4.47
127,Karpogory,RU,2021-01-03 20:10:48,64.0,44.45,10.72,96,82,6.93
128,Marienburg,PL,2021-01-03 20:10:49,54.04,19.03,32.0,100,100,13.29
129,Maragogi,BR,2021-01-03 20:10:08,-9.01,-35.22,80.92,69,0,11.01
130,Champerico,GT,2021-01-03 20:10:49,14.3,-91.92,89.6,62,40,9.17
131,Barcelos,PT,2021-01-03 20:09:18,41.54,-8.62,44.6,93,75,2.77
132,Dwarka,IN,2021-01-03 20:10:50,22.24,68.97,66.45,53,0,13.69
133,Coos Bay,US,2021-01-03 20:09:07,43.37,-124.22,51.8,87,75,10.29
134,Kholm,RU,2021-01-03 20:10:51,59.27,32.85,23.65,98,81,4.36
135,Colquechaca,BO,2021-01-03 20:10:51,-18.67,-66.02,43.3,88,70,10.96
136,Santa Cruz Cabralia,BR,2021-01-03 20:10:51,-16.28,-39.02,82.4,65,40,16.11
137,Coihaique,CL,2021-01-03 20:10:51,-45.58,-72.07,62.6,39,75,11.41
138,Severo-Kurilsk,RU,2021-01-03 20:10:51,50.68,156.12,23.29,93,100,27.87
139,Necochea,AR,2021-01-03 20:10:52,-38.55,-58.74,83.07,38,100,13.04
140,Xilagani,GR,2021-01-03 20:10:52,40.98,25.42,54.0,91,36,1.99
141,La Romana,DO,2021-01-03 20:10:52,18.43,-68.97,84.2,70,40,13.87
142,Codrington,AU,2021-01-03 20:10:52,-38.27,141.97,58.41,85,96,16.49
143,Chakradharpur,IN,2021-01-03 20:10:53,22.7,85.63,61.84,53,2,1.54
144,Umm Lajj,SA,2021-01-03 20:10:53,25.02,37.27,73.2,64,0,8.23
145,Lewistown,US,2021-01-03 20:10:53,40.6,-77.57,34.0,100,90,1.68
146,Northam,GB,2021-01-03 20:10:53,51.03,-4.22,39.99,85,100,8.99
147,Tabas,IR,2021-01-03 20:10:54,33.6,56.92,35.6,47,0,2.24
148,Melville,US,2021-01-03 20:10:54,40.79,-73.42,39.99,86,90,9.17
149,Asfi,MA,2021-01-03 20:06:29,32.3,-9.24,54.28,62,100,20.33
150,Atbasar,KZ,2021-01-03 20:10:54,51.8,68.33,-16.26,85,100,11.23
151,Montargis,FR,2021-01-03 20:10:54,47.83,2.75,35.01,98,100,5.64
152,Pilot Butte,CA,2021-01-03 20:10:55,50.47,-104.42,39.99,69,62,17.22
153,Wageningen,NL,2021-01-03 20:07:13,51.97,5.67,39.0,86,90,11.41
154,Kiyasovo,RU,2021-01-03 20:10:55,56.35,53.12,16.0,91,86,1.01
155,Gebre Guracha,ET,2021-01-03 20:10:56,9.8,38.4,55.42,43,32,4.0
156,Cairns,AU,2021-01-03 20:09:01,-16.92,145.77,77.0,94,75,1.12
157,Mlonggo,ID,2021-01-03 20:10:56,-6.53,110.7,78.82,85,100,1.74
158,Talcahuano,CL,2021-01-03 20:10:56,-36.72,-73.12,73.4,56,0,20.8
159,Port Elizabeth,ZA,2021-01-03 20:10:57,-33.92,25.57,71.6,94,1,2.24
160,Taoudenni,ML,2021-01-03 20:10:57,22.68,-3.98,66.09,23,0,5.41
161,Ambilobe,MG,2021-01-03 20:10:57,-13.2,49.05,74.75,79,100,4.07
162,Taltal,CL,2021-01-03 20:10:57,-25.4,-70.48,70.2,62,24,8.19
163,New Norfolk,AU,2021-01-03 20:10:58,-42.78,147.06,60.01,71,100,1.25
164,Jinka,ET,2021-01-03 20:10:58,5.65,36.65,66.83,66,4,0.94
165,Morbegno,IT,2021-01-03 20:10:58,46.14,9.57,37.0,90,30,1.99
166,Takaungu,KE,2021-01-03 20:10:59,-3.68,39.86,82.4,78,40,5.82
167,Rawson,AR,2021-01-03 20:10:59,-43.3,-65.1,67.55,40,24,17.6
168,Cabo San Lucas,MX,2021-01-03 20:09:11,22.89,-109.91,78.01,49,40,10.29
169,Yulara,AU,2021-01-03 20:11:00,-25.24,130.99,71.6,53,0,11.41
170,Aliwal North,ZA,2021-01-03 20:11:00,-30.69,26.71,63.66,75,0,4.0
171,La Rochelle,FR,2021-01-03 20:11:00,46.17,-1.15,37.4,93,0,9.17
172,Porterville,US,2021-01-03 20:11:01,36.07,-119.02,59.0,50,90,5.82
173,Avera,US,2021-01-03 20:11:01,33.19,-82.53,55.4,58,1,11.41
174,Sakakah,SA,2021-01-03 20:11:01,29.97,40.21,57.2,71,0,4.7
175,Kapaa,US,2021-01-03 20:11:01,22.08,-159.32,77.0,78,20,20.8
176,Tuktoyaktuk,CA,2021-01-03 20:11:01,69.45,-133.04,-13.0,75,20,12.75
177,Joshimath,IN,2021-01-03 20:11:02,30.57,79.57,44.17,59,86,0.54
178,Pori,FI,2021-01-03 20:11:02,61.48,21.78,28.4,86,90,8.05
179,Port Hedland,AU,2021-01-03 20:08:24,-20.32,118.57,86.0,84,8,12.75
180,Ribeira Grande,PT,2021-01-03 20:11:02,38.52,-28.7,60.8,100,75,34.45
181,Kodiak,US,2021-01-03 20:11:03,57.79,-152.41,24.8,85,75,6.93
182,Nanchang,CN,2021-01-03 20:11:03,28.68,115.88,42.15,67,15,3.74
183,Bilma,NE,2021-01-03 20:11:03,18.69,12.92,74.46,19,0,6.73
184,Lagoa,PT,2021-01-03 20:11:03,39.05,-27.98,62.11,87,100,37.13
185,Avarua,CK,2021-01-03 20:11:03,-21.21,-159.78,82.4,78,19,17.22
186,Itarema,BR,2021-01-03 20:11:04,-2.92,-39.92,82.38,72,0,14.83
187,Odweyne,SO,2021-01-03 20:11:04,9.41,45.06,68.29,36,7,9.86
188,Yanam,IN,2021-01-03 20:11:04,16.73,82.22,70.38,79,0,5.5
189,Gorontalo,ID,2021-01-03 20:11:04,0.54,123.06,75.7,85,100,3.76
190,West Wendover,US,2021-01-03 20:11:05,40.74,-114.07,30.2,68,90,2.26
191,Rincon,US,2021-01-03 20:11:05,32.3,-81.24,62.6,55,20,14.99
192,Belmonte,BR,2021-01-03 20:11:05,-15.86,-38.88,84.2,74,20,11.41
193,Nalut,LY,2021-01-03 20:11:05,30.33,10.85,48.27,46,97,13.15
194,Galveston,US,2021-01-03 20:11:05,29.37,-94.97,66.0,55,1,11.41
195,Hibbing,US,2021-01-03 20:11:06,47.43,-92.94,28.4,86,1,6.93
196,Nemuro,JP,2021-01-03 20:11:06,43.32,145.57,20.26,91,25,12.15
197,Shellbrook,CA,2021-01-03 20:11:06,53.22,-106.4,33.8,74,75,14.99
198,Lazaro Cardenas,MX,2021-01-03 20:11:07,17.96,-102.2,85.41,41,1,8.7
199,Crotone,IT,2021-01-03 20:11:07,39.09,17.12,48.2,87,0,4.7
200,Russell,US,2021-01-03 20:11:07,32.35,-85.2,55.4,47,1,9.17
201,Jhang,PK,2021-01-03 20:11:08,33.67,72.7,53.01,81,40,6.93
202,Springdale,US,2021-01-03 20:09:33,36.19,-94.13,55.0,50,1,10.29
203,Isangel,VU,2021-01-03 20:11:08,-19.55,169.27,78.15,86,100,8.9
204,Lata,PT,2021-01-03 20:11:08,40.16,-8.33,46.0,86,9,0.67
205,Nadym,RU,2021-01-03 20:11:09,65.53,72.52,-21.59,86,52,10.4
206,Port Moresby,PG,2021-01-03 20:11:09,-9.44,147.18,75.2,100,20,5.82
207,Havre,FR,2021-01-03 20:10:37,49.58,0.33,37.4,86,0,5.82
208,Ostrovnoy,RU,2021-01-03 20:11:09,68.05,39.51,12.2,94,98,6.51
209,Thompson,CA,2021-01-03 20:08:32,55.74,-97.86,3.2,77,90,10.29
210,Awjilah,LY,2021-01-03 20:11:10,29.11,21.29,62.73,37,73,15.55
211,Gao,ML,2021-01-03 20:06:29,16.64,1.64,76.84,20,0,4.85
212,Cockburn Town,TC,2021-01-03 20:06:29,21.46,-71.14,80.6,57,75,12.75
213,Luderitz,NA,2021-01-03 20:11:11,-26.65,15.16,68.0,77,67,6.42
214,Alta Floresta,BR,2021-01-03 20:11:11,-9.88,-56.09,79.14,91,98,4.34
215,Aksu,CN,2021-01-03 20:11:11,41.12,80.26,13.03,90,0,3.89
216,Kruisfontein,ZA,2021-01-03 20:11:11,-34.0,24.73,71.01,89,17,1.01
217,Agucadoura,PT,2021-01-03 20:11:12,41.43,-8.78,44.6,93,75,8.12
218,Chapais,CA,2021-01-03 20:11:12,49.78,-74.85,21.2,92,90,12.75
219,Harper,LR,2021-01-03 20:11:12,4.38,-7.72,79.36,79,6,5.26
220,Vestmannaeyjar,IS,2021-01-03 20:11:12,63.44,-20.27,44.6,87,90,24.16
221,Marquette,US,2021-01-03 20:11:13,46.53,-87.63,37.0,58,3,5.99
222,Margate,GB,2021-01-03 20:11:13,51.38,1.39,42.01,64,99,4.0
223,Faanui,PF,2021-01-03 20:11:13,-16.48,-151.75,80.19,75,30,15.93
224,Isiro,CD,2021-01-03 20:11:14,2.77,27.62,68.49,84,9,1.34
225,Providencia,MX,2021-01-03 20:11:14,28.72,-111.58,73.0,23,0,4.0
226,Morondava,MG,2021-01-03 20:11:14,-20.28,44.28,83.68,78,0,9.37
227,San Ramon,US,2021-01-03 20:07:28,37.78,-121.98,53.6,93,20,3.36
228,Orhei,MD,2021-01-03 20:11:15,47.38,28.82,41.0,93,90,11.41
229,Beyneu,KZ,2021-01-03 20:11:15,45.32,55.2,27.54,95,67,9.57
230,Jalu,LY,2021-01-03 20:11:15,29.03,21.55,63.18,38,73,15.73
231,Sisimiut,GL,2021-01-03 20:11:15,66.94,-53.67,14.43,93,100,1.16
232,Victoria,HK,2021-01-03 20:09:05,22.29,114.16,63.0,78,100,12.41
233,Buchanan,LR,2021-01-03 20:11:16,5.88,-10.05,79.66,78,2,6.8
234,Haines Junction,CA,2021-01-03 20:11:16,60.75,-137.51,-3.53,86,97,0.94
235,Souillac,MU,2021-01-03 20:11:16,-20.52,57.52,77.0,73,40,11.41
236,Fort Nelson,CA,2021-01-03 20:11:16,58.81,-122.7,-5.8,83,75,0.96
237,Banjar,ID,2021-01-03 20:11:17,-8.19,114.97,77.0,88,40,14.99
238,Muli,MV,2021-01-03 20:11:17,2.92,73.57,81.5,82,44,13.69
239,Progreso,MX,2021-01-03 20:11:17,21.28,-89.67,80.01,78,75,9.17
240,Dikson,RU,2021-01-03 20:11:17,73.51,80.55,-1.28,86,28,12.48
241,Bambous Virieux,MU,2021-01-03 20:11:18,-20.34,57.76,77.0,73,40,11.41
242,Kamenka,RU,2021-01-03 20:11:18,51.32,42.77,20.3,97,25,6.33
243,Fairbanks,US,2021-01-03 20:10:34,64.84,-147.72,-0.4,64,90,11.41
244,San Antonio,US,2021-01-03 20:09:31,29.42,-98.49,68.0,42,1,14.99
245,Jurm,AF,2021-01-03 20:11:19,36.86,70.83,26.44,57,0,4.9
246,Berlevag,NO,2021-01-03 20:11:19,70.86,29.09,30.2,86,75,17.22
247,Iquitos,PE,2021-01-03 20:07:27,-3.75,-73.25,78.8,88,75,5.82
248,Topolobampo,MX,2021-01-03 20:11:20,25.6,-109.05,75.99,33,5,6.93
249,Guerrero Negro,MX,2021-01-03 20:11:20,27.98,-114.06,66.87,45,74,11.43
250,Veraval,IN,2021-01-03 20:11:20,20.9,70.37,64.24,48,0,12.73
251,Mvuma,ZW,2021-01-03 20:11:20,-19.28,30.53,63.66,88,53,9.19
252,Khovu-Aksy,RU,2021-01-03 20:11:21,51.13,93.6,-20.43,81,61,1.48
253,Boali,CF,2021-01-03 20:11:21,4.8,18.13,84.2,74,20,2.24
254,Quime,BO,2021-01-03 20:11:21,-16.98,-67.22,61.81,59,92,6.04
255,Leningradskiy,RU,2021-01-03 20:11:21,69.38,178.42,-4.85,90,99,4.32
256,Kavaratti,IN,2021-01-03 20:11:22,10.57,72.64,81.37,67,45,4.25
257,Tautira,PF,2021-01-03 20:11:22,-17.73,-149.15,78.8,74,75,17.22
258,Qixingtai,CN,2021-01-03 20:11:22,30.41,111.89,36.0,78,0,3.38
259,Borogontsy,RU,2021-01-03 20:11:22,62.67,131.17,-50.13,75,51,1.41
260,Glen Avon,US,2021-01-03 20:11:22,34.01,-117.48,62.01,44,1,1.21
261,Caronport,CA,2021-01-03 20:11:23,50.45,-105.82,39.2,69,99,14.99
262,Filadelfia,US,2021-01-03 20:11:20,39.95,-75.16,39.99,86,90,9.17
263,Iqaluit,CA,2021-01-03 20:11:23,63.75,-68.51,1.4,70,90,11.41
264,Bugiri,UG,2021-01-03 20:11:24,0.57,33.74,68.31,78,93,3.94
265,Lethem,GY,2021-01-03 20:11:24,3.38,-59.8,86.29,59,75,10.47
266,Los Llanos De Aridane,ES,2021-01-03 20:11:24,28.66,-17.92,62.6,88,75,12.75
267,Chapeco,BR,2021-01-03 20:06:57,-27.1,-52.62,79.0,57,51,3.38
268,Kondinskoye,RU,2021-01-03 20:11:24,59.65,67.41,-16.55,88,95,9.78
269,Bay Roberts,CA,2021-01-03 20:11:25,47.6,-53.26,33.01,54,100,8.01
270,Benton Harbor,US,2021-01-03 20:11:25,42.12,-86.45,36.0,80,90,5.82
271,Pietarsaari,FI,2021-01-03 20:11:25,63.65,22.68,23.0,100,75,2.24
272,Srednekolymsk,RU,2021-01-03 20:11:26,67.45,153.68,-16.69,88,100,6.67
273,Basoko,CD,2021-01-03 20:11:26,1.24,23.62,73.65,86,73,2.68
274,Luba,GQ,2021-01-03 20:11:26,3.46,8.55,80.6,100,20,8.05
275,Inhambane,MZ,2021-01-03 20:11:26,-23.86,35.38,80.6,83,40,2.24
276,Sola,VU,2021-01-03 20:11:26,-13.88,167.55,82.89,74,100,7.99
277,Suntar,RU,2021-01-03 20:11:27,62.14,117.63,-25.01,86,87,1.19
278,Governador Valadares,BR,2021-01-03 20:10:02,-18.85,-41.95,80.67,78,99,3.8
279,Cambui,BR,2021-01-03 20:11:27,-22.61,-46.06,72.32,80,41,5.08
280,Airai,TL,2021-01-03 20:11:28,-8.93,125.41,62.38,100,100,1.1
281,Ewa Beach,US,2021-01-03 20:11:28,21.32,-158.01,78.01,65,1,6.93
282,Arvika,SE,2021-01-03 20:11:28,59.66,12.59,23.0,92,0,6.93
283,Sao Filipe,CV,2021-01-03 20:11:28,14.9,-24.5,75.78,74,39,5.14
284,Nanuque,BR,2021-01-03 20:07:13,-17.84,-40.35,82.04,71,100,14.38
285,Flinders,AU,2021-01-03 20:11:29,-34.58,150.86,66.99,97,97,4.0
286,Paamiut,GL,2021-01-03 20:11:29,61.99,-49.67,25.81,91,100,10.67
287,Vaitape,PF,2021-01-03 20:11:29,-16.52,-151.75,81.03,74,29,15.9
288,Namibe,AO,2021-01-03 20:11:29,-15.2,12.15,72.25,76,96,5.97
289,Nazarovo,RU,2021-01-03 20:11:30,56.01,90.39,-12.51,88,100,17.22
290,Mirnyy,RU,2021-01-03 20:11:30,62.54,113.96,-25.6,67,100,4.47
291,Saint George,US,2021-01-03 20:07:17,37.1,-113.58,48.0,41,90,3.36
292,Shemonaikha,KZ,2021-01-03 20:11:30,50.63,81.91,-32.6,82,12,2.68
293,Asau,RO,2021-01-03 20:11:31,46.43,26.4,41.0,80,49,2.37
294,Comodoro Rivadavia,AR,2021-01-03 20:06:44,-45.87,-67.5,71.6,33,0,19.46
295,Mustasaari,FI,2021-01-03 20:11:31,63.11,21.68,30.2,80,90,8.05
296,Havoysund,NO,2021-01-03 20:11:31,71.0,24.66,35.6,93,75,18.34
297,Gat,IL,2021-01-03 20:07:03,31.61,34.76,59.0,87,0,1.9
298,Biltine,TD,2021-01-03 20:11:32,14.53,20.92,76.84,18,0,8.1
299,Supaul,IN,2021-01-03 20:11:32,26.12,86.6,62.17,48,99,4.12
300,Luena,AO,2021-01-03 20:11:32,-11.78,19.92,64.53,95,100,3.47
301,Mongomo,GQ,2021-01-03 20:11:32,1.63,11.31,71.28,87,33,2.68
302,Yumen,CN,2021-01-03 20:11:32,40.28,97.2,8.24,84,100,13.78
303,Nelson Bay,AU,2021-01-03 20:09:50,-32.72,152.15,66.99,100,64,6.93
304,Lorengau,PG,2021-01-03 20:11:33,-2.02,147.27,80.29,81,100,4.36
305,Innisfail,AU,2021-01-03 20:07:53,-17.53,146.03,74.66,94,100,2.15
306,Yeppoon,AU,2021-01-03 20:11:33,-23.13,150.73,75.2,88,70,5.82
307,Taquaritinga,BR,2021-01-03 20:11:34,-21.41,-48.5,82.9,62,35,5.64
308,Vite,IN,2021-01-03 20:11:34,17.28,74.55,71.49,63,90,3.74
309,Visnes,NO,2021-01-03 20:11:34,59.36,5.22,26.6,79,0,3.36
310,Ginda,IN,2021-01-03 20:11:34,30.69,78.49,44.56,60,0,5.75
311,Bengkulu,ID,2021-01-03 20:11:35,-3.8,102.27,74.86,84,98,4.32
312,Coronel Fabriciano,BR,2021-01-03 20:11:35,-19.52,-42.63,75.99,86,100,3.2
313,Sabha,LY,2021-01-03 20:11:35,27.04,14.43,68.23,32,98,7.65
314,Dingle,PH,2021-01-03 20:11:35,11.0,122.67,74.88,93,100,7.78
315,Cayenne,GF,2021-01-03 20:11:36,4.93,-52.33,82.4,78,90,8.05
316,Benghazi,LY,2021-01-03 20:11:36,32.12,20.07,65.25,54,98,27.49
317,San Quintin,MX,2021-01-03 20:11:36,30.48,-115.95,63.27,56,41,15.03
318,Mayo,US,2021-01-03 20:11:36,38.89,-76.51,42.01,100,90,5.82
319,Rudnogorsk,RU,2021-01-03 20:11:37,57.26,103.75,-13.76,88,100,10.96
320,Ilulissat,GL,2021-01-03 20:11:37,69.22,-51.1,21.2,73,75,10.29
321,Puerto Baquerizo Moreno,EC,2021-01-03 20:11:37,-0.9,-89.6,78.8,88,40,12.75
322,Outlook,CA,2021-01-03 20:11:37,51.5,-107.05,35.01,86,99,18.34
323,Matara,LK,2021-01-03 20:11:37,5.95,80.54,76.82,86,92,9.17
324,Madras,IN,2021-01-03 20:08:16,13.09,80.28,77.0,88,40,4.7
325,Castro,BR,2021-01-03 20:08:02,-24.79,-50.01,70.86,76,1,9.86
326,Srivardhan,IN,2021-01-03 20:11:38,18.03,73.02,75.15,75,98,6.73
327,Midland,US,2021-01-03 20:11:38,32.0,-102.08,62.6,16,1,12.75
328,Bac Lieu,VN,2021-01-03 20:11:39,9.29,105.72,75.51,86,53,7.61
329,Emirdag,TR,2021-01-03 20:09:50,39.02,31.15,38.68,76,33,1.99
330,Kabale,UG,2021-01-03 20:11:39,-1.25,29.99,59.85,87,100,1.14
331,Basco,PH,2021-01-03 20:11:39,20.45,121.97,75.06,84,57,20.67
332,Solnechnyy,RU,2021-01-03 20:11:40,50.72,136.63,-18.8,84,45,0.29
333,Elsfleth,DE,2021-01-03 20:11:40,53.24,8.46,37.99,93,100,4.0
334,Saint-Georges,GD,2021-01-03 20:11:40,12.06,-61.75,84.2,62,40,17.22
335,Mangrul Pir,IN,2021-01-03 20:11:40,20.32,77.35,66.87,51,39,7.81
336,Padang,ID,2021-01-03 20:11:40,-0.95,100.35,73.4,94,20,1.12
337,Old Saybrook,US,2021-01-03 20:11:41,41.29,-72.38,37.99,80,90,8.05
338,Narsaq,GL,2021-01-03 20:11:41,60.92,-46.05,26.6,63,100,5.82
339,Banda Aceh,ID,2021-01-03 20:11:41,5.56,95.32,78.71,81,100,11.39
340,La Crosse,US,2021-01-03 20:11:41,43.8,-91.24,30.0,85,90,10.29
341,Maceio,BR,2021-01-03 20:11:03,-9.67,-35.74,84.2,66,40,10.29
342,Paita,PE,2021-01-03 20:11:42,-5.09,-81.11,82.4,58,0,11.41
343,Vodnyy,RU,2021-01-03 20:11:42,63.5,53.41,6.13,94,100,7.2
344,Ponta Delgada,PT,2021-01-03 20:11:42,37.73,-25.67,59.0,93,75,25.28
345,Santa Ines,BR,2021-01-03 20:11:43,-3.67,-45.38,81.84,82,57,5.12
346,Poltavka,RU,2021-01-03 20:11:43,54.37,71.76,-28.43,84,16,10.65
347,Lasa,IT,2021-01-03 20:11:43,46.62,10.7,36.0,100,90,4.7
348,Lodja,CD,2021-01-03 20:11:43,-3.48,23.43,70.43,95,93,1.34
349,Urucara,BR,2021-01-03 20:11:43,-2.54,-57.76,87.96,58,87,2.42
350,Porto De Moz,BR,2021-01-03 20:11:44,-1.75,-52.24,87.84,54,71,7.23
351,Leh,IN,2021-01-03 20:11:44,34.17,77.58,13.19,73,99,1.88
352,Caravelas,BR,2021-01-03 20:11:44,-17.71,-39.25,80.64,71,49,10.71
353,Udachnyy,RU,2021-01-03 20:11:45,66.42,112.4,-43.6,64,0,4.47
354,Erdenet,MN,2021-01-03 20:11:45,49.03,104.08,-17.52,83,7,4.23
355,Lexington,US,2021-01-03 20:08:11,37.99,-84.48,37.99,86,90,10.29
356,Sao Miguel Do Araguaia,BR,2021-01-03 20:08:55,-13.28,-50.16,90.03,54,43,3.24
357,Tiznit,MA,2021-01-03 20:12:07,29.58,-9.5,55.17,51,100,2.8
358,Bubaque,GW,2021-01-03 20:12:07,11.28,-15.83,80.74,71,0,13.44
359,Pevek,RU,2021-01-03 20:12:07,69.7,170.31,-15.92,89,10,5.21
360,Mago,RU,2021-01-03 20:12:07,53.25,140.18,-16.38,86,100,6.55
361,Ancud,CL,2021-01-03 20:12:07,-41.87,-73.82,62.6,59,20,10.29
362,Vila Velha,BR,2021-01-03 20:12:08,-20.33,-40.29,81.0,83,40,8.05
363,Lynchburg,US,2021-01-03 20:11:31,37.41,-79.14,48.99,81,90,3.67
364,Port Keats,AU,2021-01-03 20:12:08,-14.25,129.55,83.98,84,94,11.9
365,Oussouye,SN,2021-01-03 20:12:08,12.48,-16.55,82.4,74,0,4.7
366,Pizarro,CO,2021-01-03 20:12:09,4.95,-77.37,77.09,90,98,8.88
367,Faya,SA,2021-01-03 20:12:09,18.39,42.45,57.2,87,0,5.82
368,Sandwick,GB,2021-01-03 20:12:09,60.0,-1.25,41.0,65,75,5.82
369,Havelock,US,2021-01-03 20:08:15,34.88,-76.9,68.0,74,20,8.01
370,Ayagoz,KZ,2021-01-03 20:12:09,47.97,80.44,-28.3,83,19,13.96
371,Shubarkuduk,KZ,2021-01-03 20:12:10,49.14,56.49,8.28,93,100,8.95
372,Egvekinot,RU,2021-01-03 20:12:10,66.32,-179.17,-10.14,86,6,21.05
373,Anadyr,RU,2021-01-03 20:12:10,64.75,177.48,-4.0,70,0,15.66
374,Baoqing,CN,2021-01-03 20:12:10,46.33,132.21,-14.46,85,0,6.26
375,Aswan,EG,2021-01-03 20:12:10,24.09,32.91,65.57,27,0,10.18
376,Alenquer,BR,2021-01-03 20:12:11,-1.94,-54.74,77.0,94,75,4.7
377,Tecoanapa,MX,2021-01-03 20:12:11,16.52,-98.75,84.61,55,0,11.03
378,Salinopolis,BR,2021-01-03 20:12:11,-0.61,-47.36,82.92,72,86,12.08
379,Roseburg,US,2021-01-03 20:10:18,43.22,-123.34,50.0,93,90,3.36
380,Thunder Bay,CA,2021-01-03 20:12:12,48.4,-89.32,35.01,94,75,4.56
381,Ampanihy,MG,2021-01-03 20:12:12,-24.7,44.75,82.26,51,0,10.25
382,Pochutla,MX,2021-01-03 20:12:12,15.74,-96.47,89.01,48,20,9.17
383,Te Anau,NZ,2021-01-03 20:12:12,-45.42,167.72,51.85,85,72,1.32
384,Mpanda,TZ,2021-01-03 20:12:12,-6.37,31.04,65.8,91,97,1.36
385,Fukue,JP,2021-01-03 20:09:45,32.69,128.84,47.64,54,100,12.26
386,Latung,PH,2021-01-03 20:12:13,5.5,120.88,80.02,80,100,0.83
387,Nizwa,OM,2021-01-03 20:12:13,22.93,57.53,56.01,49,6,7.05
388,Fortuna,US,2021-01-03 20:12:14,40.6,-124.16,57.99,82,75,20.8
389,Naze,JP,2021-01-03 20:12:14,28.37,129.48,59.0,93,75,9.17
390,Jojoima,SL,2021-01-03 20:12:14,7.88,-10.79,75.92,84,17,4.12
391,Puquio,PE,2021-01-03 20:12:14,-14.7,-74.13,55.99,71,97,8.97
392,Sulangan,PH,2021-01-03 20:12:14,11.14,123.72,80.85,80,72,14.12
393,Puerto Narino,CO,2021-01-03 20:12:15,-3.77,-70.38,86.0,84,75,2.24
394,Puerto Cabezas,NI,2021-01-03 20:12:15,14.04,-83.39,84.2,89,75,11.41
395,Kihei,US,2021-01-03 20:12:15,20.79,-156.47,78.8,61,20,18.34
396,Thinadhoo,MV,2021-01-03 20:12:15,0.53,72.93,82.27,78,94,10.4
397,Qandala,SO,2021-01-03 20:12:15,11.47,49.87,74.17,65,0,5.95
398,Hobyo,SO,2021-01-03 20:12:16,5.35,48.53,76.68,73,45,19.46
399,Constitucion,CL,2021-01-03 20:12:16,-35.33,-72.42,70.05,54,3,20.92
400,Jiamusi,CN,2021-01-03 20:12:16,46.83,130.35,-14.91,86,0,7.85
401,Campos Novos,BR,2021-01-03 20:12:16,-27.4,-51.23,71.47,66,61,5.57
402,Pingliang,CN,2021-01-03 20:12:17,35.54,106.69,23.2,73,0,8.72
403,Port Blair,IN,2021-01-03 20:12:17,11.67,92.75,78.93,81,100,9.37
404,Sioux Lookout,CA,2021-01-03 20:12:17,50.1,-91.92,30.2,80,75,13.87
405,Khatanga,RU,2021-01-03 20:12:17,71.97,102.5,-8.79,84,98,9.95
406,Whitehorse,CA,2021-01-03 20:08:46,60.72,-135.05,5.0,84,75,12.75
407,Broome,US,2021-01-03 20:12:18,42.25,-75.83,33.01,92,90,9.17
408,Nanortalik,GL,2021-01-03 20:12:18,60.14,-45.24,26.35,93,100,11.05
409,Shingu,JP,2021-01-03 20:12:19,33.73,135.98,36.37,81,100,6.44
410,Vostok,RU,2021-01-03 20:12:19,46.49,135.88,-15.9,91,71,4.63
411,Killybegs,IE,2021-01-03 20:12:19,54.63,-8.45,35.6,93,0,10.29
412,Durban,ZA,2021-01-03 20:12:19,-29.86,31.03,73.0,83,0,8.05
413,Buritis,BR,2021-01-03 20:12:20,-15.62,-46.42,85.21,64,76,3.09
414,Sibolga,ID,2021-01-03 20:12:20,1.74,98.78,76.28,75,99,2.82
415,Ljungby,SE,2021-01-03 20:12:20,56.83,13.94,30.2,86,1,10.29
416,Xuanhua,CN,2021-01-03 20:12:21,40.61,115.04,14.47,89,100,7.49
417,Churapcha,RU,2021-01-03 20:12:21,62.0,132.43,-51.2,76,52,1.1
418,Resen,MK,2021-01-03 20:12:21,41.09,21.01,43.84,70,100,6.15
419,Lebu,CL,2021-01-03 20:10:26,-37.62,-73.65,60.35,72,1,21.14
420,Bilibino,RU,2021-01-03 20:12:21,68.05,166.44,-16.4,85,76,3.71
421,Waipawa,NZ,2021-01-03 20:12:22,-41.41,175.52,66.0,72,11,12.75
422,Burgeo,CA,2021-01-03 20:12:22,47.62,-57.62,29.35,93,2,14.38
423,Meulaboh,ID,2021-01-03 20:12:22,4.14,96.13,76.21,88,100,5.44
424,Strezhevoy,RU,2021-01-03 20:12:22,60.73,77.59,-31.0,73,75,4.47
425,Vanimo,PG,2021-01-03 20:12:23,-2.67,141.3,78.19,80,100,3.49
426,Contai,IN,2021-01-03 20:12:23,21.78,87.75,63.99,39,2,3.96
427,Honiara,SB,2021-01-03 20:12:23,-9.43,159.95,73.4,100,20,2.24
428,Tres Arroyos,AR,2021-01-03 20:12:23,-38.37,-60.28,97.2,14,100,9.1
429,Auki,SB,2021-01-03 20:12:24,-8.77,160.7,79.34,81,100,5.32
430,Atambua,ID,2021-01-03 20:12:24,-9.11,124.89,75.52,84,99,0.22
431,Cilegon,ID,2021-01-03 20:12:24,-6.02,106.05,75.2,88,75,5.82
432,Ukiah,US,2021-01-03 20:12:24,39.15,-123.21,54.0,81,90,3.36
433,Kuna,US,2021-01-03 20:10:13,43.49,-116.42,50.0,100,40,4.7
434,Noumea,NC,2021-01-03 20:08:35,-22.28,166.46,81.0,94,0,3.36
435,Aras,ES,2021-01-03 20:12:25,42.56,-2.36,36.0,93,75,12.75
436,Wattegama,LK,2021-01-03 20:12:25,6.8,81.48,74.5,90,100,5.37
437,Kaeo,NZ,2021-01-03 20:12:26,-35.1,173.78,71.01,81,1,4.0
438,Othaya,KE,2021-01-03 20:12:26,-0.57,36.96,57.99,87,100,10.0
439,Thanh Hoa,VN,2021-01-03 20:09:24,19.8,105.77,60.55,62,100,3.0
440,Sao Joao Do Piaui,BR,2021-01-03 20:12:26,-8.36,-42.25,89.11,49,99,4.61
441,Naryan-Mar,RU,2021-01-03 20:12:26,67.67,53.09,-0.22,92,85,8.28
442,Boyolangu,ID,2021-01-03 20:12:27,-8.12,111.89,75.97,85,100,1.61
443,Chokurdakh,RU,2021-01-03 20:12:27,70.63,147.92,-23.62,88,96,6.44
444,Dongying,CN,2021-01-03 20:12:27,37.46,118.49,27.28,95,0,2.08
445,Matay,EG,2021-01-03 20:12:27,28.42,30.78,58.24,58,0,7.23
446,Notodden,NO,2021-01-03 20:12:27,59.56,9.26,21.99,90,0,1.01
447,Kahului,US,2021-01-03 20:12:28,20.89,-156.47,78.8,61,20,18.34
448,Touros,BR,2021-01-03 20:12:28,-5.2,-35.46,84.2,70,40,13.87
449,Ambanja,MG,2021-01-03 20:12:28,-13.68,48.45,77.54,82,100,0.67
450,Safaga,EG,2021-01-03 20:12:29,26.73,33.94,64.4,55,0,8.05
451,Cozumel,MX,2021-01-03 20:12:29,20.51,-86.95,84.2,66,40,6.93
452,Waingapu,ID,2021-01-03 20:12:29,-9.66,120.26,79.18,82,44,5.97
453,Manzini,SZ,2021-01-03 20:12:29,-26.25,31.5,68.56,95,42,2.3
454,Kanniyakumari,IN,2021-01-03 20:12:30,8.08,77.57,78.76,83,100,20.22
455,Talaya,RU,2021-01-03 20:12:30,61.38,152.75,-24.47,83,100,5.61
456,Uusikaupunki,FI,2021-01-03 20:12:30,60.8,21.41,28.4,86,90,5.82
457,Tabou,CI,2021-01-03 20:12:30,4.42,-7.35,79.39,79,0,5.64
458,Russkaya Polyana,UA,2021-01-03 20:12:30,49.42,31.92,37.63,88,100,11.77
459,Sobolevo,RU,2021-01-03 20:12:31,54.43,31.9,31.71,98,100,7.02
460,Atlantic City,US,2021-01-03 20:12:31,39.36,-74.42,48.0,93,90,12.75
461,Sawtell,AU,2021-01-03 20:12:31,-30.38,153.1,75.2,78,63,10.29
462,Kansanshi,ZM,2021-01-03 20:12:32,-12.1,26.43,61.09,97,100,2.13
463,Tutayev,RU,2021-01-03 20:12:32,57.89,39.54,30.2,86,90,4.47
464,Floro,NO,2021-01-03 20:12:32,61.6,5.03,28.4,79,63,6.93
465,Hovd,MN,2021-01-03 20:12:32,48.01,91.64,-8.55,73,0,4.97
466,Kudal,IN,2021-01-03 20:12:33,16.03,73.68,73.85,75,57,3.67
467,Anloga,GH,2021-01-03 20:12:33,5.79,0.9,84.2,83,20,10.29
468,Sept-Iles,CA,2021-01-03 20:11:10,50.2,-66.38,23.0,79,70,2.77
469,Maarianhamina,AX,2021-01-03 20:12:33,60.1,19.93,32.0,90,90,8.05
470,Jacqueville,CI,2021-01-03 20:12:33,5.21,-4.41,82.4,88,20,5.82
471,Geraldton,AU,2021-01-03 20:12:34,-28.77,114.6,82.4,28,100,16.11
472,Linjiang,CN,2021-01-03 20:12:34,41.81,126.91,1.35,82,0,3.56
473,Myitkyina,MM,2021-01-03 20:12:34,25.38,97.4,54.21,63,0,2.44
474,Kenai,US,2021-01-03 20:12:34,60.55,-151.26,6.01,77,1,6.93
475,Evanston,US,2021-01-03 20:12:34,42.04,-87.69,34.0,99,90,8.05
476,Flin Flon,CA,2021-01-03 20:12:35,54.77,-101.86,19.4,100,90,6.93
477,Igrim,RU,2021-01-03 20:12:35,63.19,64.42,-19.03,88,100,6.06
478,Bure,ET,2021-01-03 20:12:35,10.7,37.07,63.19,40,91,8.41
479,Bara,NG,2021-01-03 20:12:35,10.37,10.73,77.11,20,0,6.17
480,Guymon,US,2021-01-03 20:10:35,36.68,-101.48,51.8,29,1,6.93
481,Mathathane,BW,2021-01-03 20:12:36,-22.27,28.75,72.97,68,0,15.1
482,Covington,US,2021-01-03 20:12:36,39.08,-84.51,39.0,69,90,9.17
483,Kalmunai,LK,2021-01-03 20:12:36,7.42,81.82,79.18,86,100,12.12
484,Biak,ID,2021-01-03 20:12:36,-0.91,122.88,77.79,76,100,4.21
485,Grand Gaube,MU,2021-01-03 20:12:37,-20.01,57.66,75.99,72,0,7.0
486,Ahuimanu,US,2021-01-03 20:12:37,21.44,-157.84,78.01,73,40,12.75
487,Chara,RU,2021-01-03 20:12:37,56.91,118.26,-23.35,74,95,0.02
488,Takoradi,GH,2021-01-03 20:12:38,4.88,-1.76,80.13,81,4,8.12
489,Boueni,YT,2021-01-03 20:12:38,-12.9,45.08,80.6,88,0,6.93
490,Roald,NO,2021-01-03 20:12:38,62.58,6.13,28.99,74,0,9.17
491,Marzuq,YE,2021-01-03 20:12:38,14.4,46.47,60.55,43,2,1.28
492,Pacific Grove,US,2021-01-03 20:12:04,36.62,-121.92,57.99,87,1,5.82
493,Sumbawanga,TZ,2021-01-03 20:12:39,-7.97,31.62,58.03,92,100,1.68
494,Bayan,CN,2021-01-03 20:12:39,46.08,127.4,-17.39,87,0,5.66
495,Agirish,RU,2021-01-03 20:12:39,61.92,63.02,-14.69,89,100,6.35
496,Carutapera,BR,2021-01-03 20:12:40,-1.2,-46.02,80.67,80,55,7.49
497,Amahai,ID,2021-01-03 20:12:40,-3.33,128.92,84.0,83,100,3.0
498,Qaracala,AZ,2021-01-03 20:12:40,39.81,48.95,45.23,81,100,5.3
499,Matamoros,MX,2021-01-03 20:12:41,25.53,-103.25,61.0,33,20,0.87
500,Chandvad,IN,2021-01-03 20:12:41,20.33,74.25,66.29,64,36,1.54
501,Kot Samaba,PK,2021-01-03 20:12:41,28.55,70.47,55.04,55,0,7.36
502,Husavik,IS,2021-01-03 20:12:42,66.04,-17.34,44.6,72,0,10.29
503,Wau,SS,2021-01-03 20:12:42,7.7,28.0,77.04,29,1,1.79
504,Ginir,ET,2021-01-03 20:12:42,7.13,40.7,59.07,53,6,4.07
505,Muroto,JP,2021-01-03 20:12:43,33.28,134.15,47.35,62,100,4.23
506,Kuminskiy,RU,2021-01-03 20:12:43,58.67,66.57,-11.04,89,100,8.88
507,Mengcheng,CN,2021-01-03 20:12:43,33.26,116.57,33.49,94,99,5.26
508,General Roca,AR,2021-01-03 20:12:44,-39.03,-67.58,86.0,35,40,13.87
509,Port Lincoln,AU,2021-01-03 20:12:44,-34.73,135.87,62.29,81,100,19.89
510,Salalah,OM,2021-01-03 20:11:22,17.02,54.09,73.4,73,0,3.36
511,Kholodnyy,RU,2021-01-03 20:12:44,62.72,147.95,-21.14,82,100,3.94
512,Waterloo,CA,2021-01-03 20:10:39,43.47,-80.52,33.01,98,90,4.7
513,Hervey Bay,AU,2021-01-03 20:12:45,-25.3,152.85,73.99,89,40,3.0
514,Elliot Lake,CA,2021-01-03 20:12:45,46.38,-82.63,32.0,98,90,6.67
515,Samana,DO,2021-01-03 20:08:06,19.21,-69.34,78.8,88,40,4.7
516,Marawi,PH,2021-01-03 20:12:45,8.0,124.29,73.99,87,25,8.01
517,Werota,ET,2021-01-03 20:09:26,11.92,37.7,66.29,35,49,7.02
518,Teknaf,BD,2021-01-03 20:12:46,20.86,92.31,65.37,75,0,4.23
519,Znamenskoye,RU,2021-01-03 20:12:46,57.13,73.83,-27.67,84,0,5.3
520,Aurora,US,2021-01-03 20:08:30,39.73,-104.83,51.8,23,20,5.84
521,Tingo Maria,PE,2021-01-03 20:12:46,-9.29,-76.01,80.6,42,40,17.22
522,Katherine,AU,2021-01-03 20:12:47,-14.47,132.27,82.4,83,75,9.17
523,Stornoway,GB,2021-01-03 20:12:37,58.21,-6.39,39.2,80,0,4.7
524,Singaparna,ID,2021-01-03 20:12:47,-7.35,108.11,71.58,82,100,1.74
525,Juneau,US,2021-01-03 20:08:50,58.3,-134.42,33.8,86,90,5.82
526,Tura,IN,2021-01-03 20:12:47,25.52,90.22,59.09,72,87,3.74
527,Santiago De Cao,PE,2021-01-03 20:12:48,-7.96,-79.24,68.0,88,75,8.05
528,Tahta,EG,2021-01-03 20:12:49,26.77,31.5,55.4,66,0,6.93
529,Charters Towers,AU,2021-01-03 20:12:50,-20.1,146.27,72.1,91,100,13.49
530,Zyryanka,RU,2021-01-03 20:12:50,65.75,150.85,-21.24,87,100,12.01
531,Ferrandina,IT,2021-01-03 20:12:50,40.5,16.45,44.01,81,20,3.36
532,Kota Belud,MY,2021-01-03 20:12:50,6.35,116.43,75.2,100,40,2.24
533,Dabola,GN,2021-01-03 20:12:51,10.75,-11.12,79.48,26,0,1.86
534,Chudovo,RU,2021-01-03 20:12:51,59.12,31.68,24.57,98,78,4.61
535,Lincoln,US,2021-01-03 20:12:51,40.8,-96.67,39.99,74,1,8.05
536,Ruza,RU,2021-01-03 20:12:51,55.7,36.2,32.0,98,90,11.18
537,Whitianga,NZ,2021-01-03 20:12:52,-36.83,175.7,67.93,72,18,1.21
538,Grindavik,IS,2021-01-03 20:12:52,63.84,-22.43,44.6,100,90,38.03
539,Nara,JP,2021-01-03 20:12:52,34.69,135.8,37.99,53,100,1.97
540,Mbanza-Ngungu,CD,2021-01-03 20:12:52,-5.25,14.87,70.03,95,100,2.35
541,Huilong,CN,2021-01-03 20:12:53,31.81,121.66,46.0,89,86,1.99
542,Peace River,CA,2021-01-03 20:12:53,56.25,-117.29,5.0,77,90,9.17
543,Tomatlan,MX,2021-01-03 20:12:53,19.93,-105.25,86.49,22,100,5.41
544,Madang,PG,2021-01-03 20:12:53,-5.22,145.8,76.53,85,100,4.52
545,Teontepec,MX,2021-01-03 20:12:54,18.5,-97.52,67.98,54,4,8.48
546,Aginskoye,RU,2021-01-03 20:12:54,51.1,114.53,-8.72,83,41,12.24
547,Calama,CL,2021-01-03 20:12:54,-22.47,-68.93,75.2,27,0,25.28
548,Kasongo-Lunda,CD,2021-01-03 20:12:55,-6.47,16.82,71.4,90,37,0.87
549,Saint-Pierre,RE,2021-01-03 20:12:14,-21.34,55.48,75.2,69,0,5.82
550,Yerbogachen,RU,2021-01-03 20:12:55,61.28,108.01,-19.25,86,100,5.95
551,Merauke,ID,2021-01-03 20:12:55,-8.47,140.33,79.95,85,100,12.3
552,Sokoni,TZ,2021-01-03 20:12:55,-6.43,39.55,81.91,74,100,8.43
553,Methoni,GR,2021-01-03 20:12:56,36.82,21.7,57.99,87,100,3.36
554,Darhan,MN,2021-01-03 20:12:56,49.49,105.92,-13.88,84,99,7.56
555,Yenagoa,NG,2021-01-03 20:12:56,4.92,6.26,77.45,90,0,5.17
556,Portland,US,2021-01-03 20:12:56,45.52,-122.68,52.0,76,75,12.75
557,Chilca,PE,2021-01-03 20:12:56,-12.52,-76.74,77.0,65,0,12.75
558,Rabo De Peixe,PT,2021-01-03 20:12:57,37.8,-25.58,59.0,93,75,25.28
559,Moron,AR,2021-01-03 20:12:57,-34.65,-58.62,90.0,28,87,8.01
560,Ubon Ratchathani,TH,2021-01-03 20:12:57,15.17,105.17,64.4,88,0,8.05
561,Wilmington,US,2021-01-03 20:11:32,34.23,-77.94,71.01,52,1,12.75
562,Wanning,CN,2021-01-03 20:12:58,18.8,110.4,64.6,86,100,10.98
563,Farafangana,MG,2021-01-03 20:12:58,-22.82,47.83,74.48,84,5,6.38
564,Fayaoue,NC,2021-01-03 20:12:58,-20.65,166.53,81.01,78,100,4.5
